{"foreground_weight": 10.0, "min_object_size": 2.0, "mean_object_size": 5278.885462555066, "max_object_size": 62125.0, "avg_object_size_z": null, "avg_object_size_y": 69.17180616740089, "avg_object_size_x": 70.78414096916299, "stdev_object_size_z": null, "stdev_object_size_y": 48.142926871462386, "stdev_object_size_x": 48.055856033910516, "n_z": null, "n_y": 1392.0, "n_x": 1392.0, "one_hot": false, "avg_background_intensity": 307.8787029715755, "project_name": "Colon Organoid 5_2_2024", "data_type": "8-bit"}